v_min,v_max,r_min,r_max,r_mid,grain,r_squared,n_particles,deviation
30,120,35,50,42.5,1.8782723302657611,0.9998638564892515,3313123,0.014501079114016702
50,150,150,180,165.0,1.8783109097843755,0.9945175464935136,2360502,0.01655536658017284
30,120,168,178,173.0,1.8786625933723486,0.9890517946256092,738194,0.035281862212393614
20,100,170,180,175.0,1.87874185709062,0.9892436461937927,688282,0.039502507487760116
30,100,35,50,42.5,1.876823791119761,0.9997785021473706,3313123,0.0626309307901464
60,140,168,178,173.0,1.87995701864018,0.9760216916835934,738194,0.10420759532375147
30,100,168,178,173.0,1.8806612006733459,0.9846798485876224,738194,0.14170397621650507
40,120,35,50,42.5,1.8750549335837947,0.9998848152926231,3313123,0.15681929798749614
20,120,30,50,40.0,1.8812501044866825,0.9997670602609902,4563814,0.17306200674561315
20,120,170,180,175.0,1.8744546640203616,0.9916694729396458,688282,0.18878253352706298
50,120,35,50,42.5,1.8742720839165428,0.9998195910206461,3313123,0.19850458378365965
20,120,35,50,42.5,1.8828123497507165,0.9998916658055678,3313123,0.2562486555227183
40,150,200,250,225.0,1.8730356115139732,0.9639978349162472,2952052,0.26434443482570025
20,100,35,50,42.5,1.883085746701707,0.9998387865432469,3313123,0.27080653363722784
30,150,42,52,47.0,1.8724710632733388,0.9970233084354545,2074468,0.29440557649952637
20,120,25,30,27.5,1.8837278946935505,0.9979532586375559,1349326,0.3049997174414599
40,150,45,60,52.5,1.8719535444810675,0.9900127017102484,2885688,0.32196248769607816
20,100,100,120,110.0,1.8718095204297232,0.9966954337034578,2227894,0.32963150001473596
40,100,35,50,42.5,1.8713109483593955,0.999800873642073,3313123,0.3561795335785093
40,150,40,60,50.0,1.8708407628284454,0.9935885841586375,3993354,0.3812160368239901
20,120,10,20,15.0,1.8707380063595123,0.9992924801008407,3418988,0.3866876272890112
20,150,40,50,45.0,1.8852787127977697,0.9985358070856951,2130983,0.38757789125504877
40,130,38,48,43.0,1.8856022225563858,0.9998127984154234,2192532,0.40480418298114346
50,120,170,200,185.0,1.8701298512766815,0.9742690609252499,1953528,0.4190707520403818
30,100,25,30,27.5,1.8696217563036017,0.9972802894022975,1349326,0.44612586242801755
30,100,30,50,40.0,1.8692477504223117,0.9998658959279488,4563814,0.46604097857764454
20,120,10,15,12.5,1.8870161104328587,0.9989191422610391,1608899,0.48009107736202183
50,120,100,130,115.0,1.8878529834200222,0.9939822289689019,3224202,0.5246530042610371
30,100,10,20,15.0,1.8886314377060789,0.9995205246850078,3418988,0.5661042442001595
40,130,150,180,165.0,1.8887147056311553,0.9965724636196222,2360502,0.570538106025314
40,100,15,20,17.5,1.8669268808892496,0.9996568009327681,1810089,0.5896229558439969
60,140,110,140,125.0,1.8893044856057502,0.9659278607188653,2947819,0.6019427905085335
20,150,35,55,45.0,1.8896583088424141,0.9976461537534372,4278477,0.6207832184459136
40,120,150,180,165.0,1.866198726372163,0.99628439121038,2360502,0.6283958268283697
30,100,20,25,22.5,1.8660865737125394,0.9981822410696175,1508696,0.6343677469361292
20,120,5,15,10.0,1.8660811656972789,0.9983755963633406,2067671,0.634655713669915
40,130,35,55,45.0,1.8901244508798305,0.9992562366122106,4278477,0.645604413196518
20,120,15,20,17.5,1.8658728369930617,0.9993705833564336,1810089,0.6457488289104456
40,130,35,50,42.5,1.8657854232502524,0.999813633440221,3313123,0.6504034478033793
40,150,100,130,115.0,1.8902568852292534,0.9885826873600773,3224202,0.6526562954874069
30,150,40,55,47.5,1.8905112935585273,0.9959718838695713,3096337,0.6662030648843145
20,100,30,50,40.0,1.8906692567341272,0.999740819973777,4563814,0.6746143095914447
30,100,5,15,10.0,1.8652254358082707,0.9988132080838454,2067671,0.680221735448838
40,120,38,48,43.0,1.8909862415127423,0.9997968161163009,2192532,0.6914931582929933
40,120,140,170,155.0,1.8915675331554094,0.9974936803251131,2454368,0.7224458549206328
20,100,15,20,17.5,1.8917559990921982,0.999653432453448,1810089,0.7324813148135393
40,130,168,178,173.0,1.8919435117346723,0.9868354275783858,738194,0.7424660135608335
50,120,38,48,43.0,1.8921671096734214,0.9996480385157229,2192532,0.7543721870831468
20,120,20,30,25.0,1.863061175626944,0.9984111135176895,2858022,0.7954645566057474
30,150,40,50,45.0,1.863039376169186,0.9980886782188,2130983,0.7966253371040458
30,120,30,50,40.0,1.8625912292556415,0.9998873573495074,4563814,0.8204883250457096
40,130,170,180,175.0,1.8625838461446247,0.9836912863957826,688282,0.8208814619475615
40,100,38,48,43.0,1.893457240519644,0.9997146443717942,2192532,0.8230692502472862
40,100,30,50,40.0,1.862499774432862,0.9997780168065974,4563814,0.8253581239157575
20,100,15,25,20.0,1.8935091786771856,0.9996728473166153,3318785,0.8258348603400271
20,150,60,80,70.0,1.8624899780476216,0.9973027922797431,3075380,0.8258797631724321
50,120,35,45,40.0,1.8624445220836048,0.999786590231418,2289806,0.8283002085407408
20,100,20,25,22.5,1.893629332703776,0.9990043377456037,1508696,0.8322328383267413
50,150,168,178,173.0,1.8610765100530584,0.9799267515562309,738194,0.9011442996241472
30,120,38,48,43.0,1.8951903718919472,0.9998389235236501,2192532,0.9153552658118892
20,120,15,25,20.0,1.8607325591924582,0.9991691784449852,3318785,0.9194590419351291
20,100,20,30,25.0,1.895398038127185,0.9988314395030893,2858022,0.9264131058139091
20,120,38,48,43.0,1.895963205052204,0.9998737825788072,2192532,0.9565071912781713
20,100,172,182,177.0,1.8597132966744772,0.9890270597800559,651619,0.9737328714335856
30,100,15,20,17.5,1.8596034459866693,0.9997684560556283,1810089,0.9795822158323018
40,100,10,20,15.0,1.8595159490658482,0.9996526216190017,3418988,0.9842412637993467
20,150,168,178,173.0,1.859473460508235,0.9914181698777033,738194,0.986503700306968
40,130,40,50,45.0,1.8966288991981906,0.9997111508259944,2130983,0.991954163907916
30,120,10,15,12.5,1.859081059154299,0.9988206345041886,1608899,1.0073983410916345
30,120,100,120,110.0,1.8590602006768577,0.9947901296076553,2227894,1.0085090161417551
30,120,60,80,70.0,1.8971121541091,0.9980499912266607,3075380,1.0176865872790293
20,150,38,48,43.0,1.8588113419375702,0.9989617444602903,2192532,1.021760280214571
30,100,15,25,20.0,1.8585247255019317,0.9996590344910592,3318785,1.0370220712496372
20,100,38,48,43.0,1.8978362868406407,0.9998370237134374,2192532,1.0562453056784218
30,100,38,48,43.0,1.898067825216722,0.9997847746836436,2192532,1.0685742926902089
40,100,10,15,12.5,1.8575725053668286,0.9990917166438427,1608899,1.0877260188057127
20,100,30,45,37.5,1.8571094378145465,0.9998101064919769,3540497,1.112383502952789
30,100,10,15,12.5,1.8997034010402103,0.998911158818297,1608899,1.1556656570932058
40,120,30,50,40.0,1.8557169643798939,0.9998448949469114,4563814,1.1865301182165084
30,150,45,55,50.0,1.9004107990386638,0.9928947934210218,1988671,1.19333328214398
30,150,45,55,50.0,1.9004107990386638,0.9928947934210218,1988671,1.19333328214398
30,150,35,55,45.0,1.8547526792837652,0.997153572207265,4278477,1.2378765024619116
30,100,20,30,25.0,1.8545282291115173,0.9982876129772986,2858022,1.2498280558297457
40,100,20,25,22.5,1.8544111792231233,0.9973446734241991,1508696,1.2560607442426321
50,120,35,55,45.0,1.9022691087970063,0.9997484357944648,4278477,1.2922848134721188
50,120,160,190,175.0,1.9025414179308995,0.9952827239276109,2160304,1.306784767353546
40,150,150,180,165.0,1.8533814863650895,0.9953992115289184,2360502,1.3108899699100327
50,120,40,50,45.0,1.9026778578800616,0.9997179308659584,2130983,1.3140499403653738
20,100,10,20,15.0,1.90400668951456,0.9996549464738271,3418988,1.3848077483791315
40,150,140,170,155.0,1.9040320697379005,0.9969311518223727,2454368,1.386159197971279
60,140,38,48,43.0,1.8513896447160505,0.9989839539161457,2192532,1.4169518255564109
30,120,35,45,40.0,1.8512797329051616,0.9997541375583684,2289806,1.4228044246452782
60,140,160,190,175.0,1.8512532228979817,0.9927226247607059,2160304,1.4242160331213114
20,120,35,45,40.0,1.8511360437354427,0.9998513570241198,2289806,1.4304556051414898
20,120,30,45,37.5,1.8508618044205762,0.9998418117050429,3540497,1.4450583375624948
20,120,20,25,22.5,1.8506976584952948,0.9984953830682001,1508696,1.4537988021674717
40,120,100,120,110.0,1.8503496432007325,0.9921767593000566,2227894,1.4723299680121098
20,120,172,182,177.0,1.8501701870886902,0.9918526434114427,651619,1.4818856715287383
30,120,10,20,15.0,1.8497560313907426,0.9991828453585306,3418988,1.5039386905887788
20,100,5,10,7.5,1.8489665450732107,0.9960996772015117,458772,1.5459773656437283
40,120,35,45,40.0,1.848812396290553,0.9997471673134442,2289806,1.5541855010355141
40,100,172,182,177.0,1.848634951545398,0.9748260316304864,651619,1.5636341030139496
40,120,40,50,45.0,1.9079965801940624,0.9998220460520915,2130983,1.5972619911641366
40,150,40,55,47.5,1.8472589728176194,0.9951876788840799,3096337,1.6369024058775545
20,150,35,50,42.5,1.8469244014355888,0.9990178008261689,3313123,1.6547177084350966
40,100,140,170,155.0,1.8468986112458743,0.9969272137837359,2454368,1.6560909879726093
50,120,30,50,40.0,1.8463757473803657,0.9998465342566919,4563814,1.6839325143575186
20,100,5,15,10.0,1.909869255522579,0.9986781286376564,2067671,1.6969784623311515
30,150,38,48,43.0,1.8460508492836265,0.9985316856582008,2192532,1.7012327325012455
40,120,168,178,173.0,1.9100754137471043,0.9843732525680133,738194,1.707956003573186
40,130,30,50,40.0,1.8458566707432416,0.9997715182681324,4563814,1.7115723778891554
40,100,15,25,20.0,1.8456713315750102,0.999547080660839,3318785,1.7214413431836912
20,100,35,45,40.0,1.8455707671619757,0.999805594648115,2289806,1.7267962107574142
20,150,30,50,40.0,1.8446479595267244,0.9989467464903007,4563814,1.7759339975120045
40,150,165,175,170.0,1.9116934607595328,0.9911792724412087,813527,1.7941139914554285
50,120,140,170,155.0,1.911859896208256,0.9970379744123453,2454368,1.8029763689167273
40,130,35,45,40.0,1.8439047270043827,0.999775301832979,2289806,1.8155097441755703
40,120,170,180,175.0,1.9122632289190435,0.9832069777284431,688282,1.824453084081132
40,150,42,52,47.0,1.8427734549309738,0.996090488443322,2074468,1.8757478737500597
40,120,35,55,45.0,1.9132681124399036,0.9997355837238562,4278477,1.877961258780814
30,100,35,45,40.0,1.8425827479295573,0.999650338931734,2289806,1.8859026661577505
20,150,300,400,350.0,1.8420641028901232,0.9794437653811802,2974998,1.913519547916755
20,150,10,15,12.5,1.8417653844996953,0.9979092722730358,1608899,1.9294257454901278
40,130,42,52,47.0,1.9145007718306297,0.9992570957209526,2074468,1.9435980740484466
20,100,25,30,27.5,1.9151352966433686,0.9982149301199185,1349326,1.97738533777256
40,150,45,55,50.0,1.840789636120704,0.9917311061101269,1988671,1.9813825281840254
40,150,45,55,50.0,1.840789636120704,0.9917311061101269,1988671,1.9813825281840254
30,100,60,80,70.0,1.9157823074075977,0.9975107466279001,3075380,2.011837455143653
40,130,140,170,155.0,1.9162310335776276,0.9974463770840509,2454368,2.0357312874136153
50,120,150,180,165.0,1.9164521508781223,0.9975145875404223,2360502,2.0475053715720115
30,150,40,60,50.0,1.9166554807002953,0.9948915006428262,3993354,2.058332305660035
40,150,40,50,45.0,1.8391930187595507,0.9975160751219346,2130983,2.066399427073974
40,120,172,182,177.0,1.8388461736214183,0.9841510214325885,651619,2.0848682842695183
20,150,42,52,47.0,1.9173641389406704,0.9971631491521435,2074468,2.0960670362444347
30,100,30,45,37.5,1.8384467243185953,0.9998421007102964,3540497,2.10613821519726
60,140,60,90,75.0,1.8381363845974126,0.9975785440531669,4399290,2.1226632269748307
30,120,40,50,45.0,1.918671850491274,0.9998340929151401,2130983,2.1657002391519806
50,120,175,185,180.0,1.8371142758988754,0.9798843297232601,620504,2.1770886102835174
60,140,70,90,80.0,1.8370628360592178,0.9978636335594849,2802530,2.179827685877639
50,150,140,170,155.0,1.9192977702713485,0.9959450329692794,2454368,2.199029300923782
20,120,60,80,70.0,1.9195637547997648,0.9986067994539242,3075380,2.213192481350635
30,150,150,180,165.0,1.9197194490893439,0.9948171820115623,2360502,2.2214829121056443
40,100,40,50,45.0,1.9198139076664955,0.9997706325428166,2130983,2.2265126552979564
30,120,170,180,175.0,1.8355649941807182,0.9887367723400649,688282,2.2595849744026477
30,120,30,45,37.5,1.8353912875729606,0.999887264734493,3540497,2.2688345275313817
30,120,25,30,27.5,1.8348302338178673,0.9974537214058767,1349326,2.2987095943627605
40,100,150,180,165.0,1.83482921303717,0.9938979343691933,2360502,2.2987639490324785
20,120,100,120,110.0,1.8345203603504219,0.996894566741599,2227894,2.3152097789977644
20,120,168,178,173.0,1.921700971504862,0.9920552665855683,738194,2.3269952877988387
30,150,100,130,115.0,1.9217648159235756,0.9913431742936339,3224202,2.330394884109464
40,150,50,60,55.0,1.9218751235404126,0.9874151621204682,1862371,2.3362685591274057
40,100,35,45,40.0,1.8337953316176334,0.9996789673859868,2289806,2.3538162077937423
40,100,30,45,37.5,1.8335841446553618,0.999706794542684,3540497,2.3650615199487808
20,120,300,400,350.0,1.9224812939167415,0.9765374414417344,2974998,2.368546001956422
60,140,40,50,45.0,1.8328169444714095,0.9983772294861201,2130983,2.4059134999249396
30,100,300,400,350.0,1.9232038176747248,0.9686089062375602,2974998,2.4070190455125093
30,150,165,175,170.0,1.9233082896055977,0.9934830611692936,813527,2.412581981128746
40,100,20,30,25.0,1.8319324801364925,0.9978935299622975,2858022,2.4530095773965623
30,150,35,50,42.5,1.8317172511725597,0.9986437642745521,3313123,2.4644701186070406
20,100,10,15,12.5,1.9242989294205093,0.9992009179002821,1608899,2.4653317050324492
40,120,30,45,37.5,1.8311823849921542,0.9998183205995019,3540497,2.4929507458916746
20,150,200,250,225.0,1.8311241447304125,0.9780038273217422,2952052,2.4960519312879326
30,150,60,80,70.0,1.830649948914269,0.9967397776087281,3075380,2.5213019747460588
40,130,40,55,47.5,1.925543363005183,0.9987761431522059,3096337,2.531595474184406
20,120,160,190,175.0,1.830003412265473,0.9967030282971922,2160304,2.555728846353939
50,120,42,52,47.0,1.9260567251082146,0.9996840659086649,2074468,2.558931049425702
40,120,60,80,70.0,1.8294472238920185,0.9985073892655384,3075380,2.585344840680584
20,100,30,40,35.0,1.8289865245341446,0.9996196142948145,2432831,2.609876222888995
40,100,60,80,70.0,1.8285616160327811,0.9977341244697949,3075380,2.632501808691096
40,150,38,48,43.0,1.8285197376246802,0.9980153157716536,2192532,2.6347317558743164
20,150,35,45,40.0,1.8280433521864823,0.9994817606220717,2289806,2.660098392626071
30,120,15,20,17.5,1.82731901446352,0.9994119034327597,1810089,2.698668026436625
30,100,40,50,45.0,1.9297351767105024,0.9998207736640862,2130983,2.7548017417732984
20,120,40,50,45.0,1.9298826920147567,0.9998446672763632,2130983,2.762656656802813
20,100,160,190,175.0,1.8259959069960123,0.9954202439275502,2160304,2.769121033226175
20,150,10,20,15.0,1.825716364526366,0.9981719377220464,3418988,2.784006148755793
50,150,110,140,125.0,1.9304935015340223,0.9673944697171376,2947819,2.7951811253473076
40,100,35,55,45.0,1.930519757945948,0.9997528920756793,4278477,2.79657923034868
30,120,35,55,45.0,1.9305960234599513,0.9997036303354381,4278477,2.800640226834473
30,150,45,60,52.5,1.9308233487898756,0.9919170341961258,2885688,2.812744876990187
40,100,168,178,173.0,1.9308723971947448,0.9769540622078238,738194,2.8153566131387064
30,100,170,180,175.0,1.8248578271282285,0.9845094808424505,688282,2.829721665163545
40,130,200,250,225.0,1.8248000949077094,0.9489990046984468,2952052,2.8327957983115253
50,120,30,45,37.5,1.8247493806261939,0.9998575764875336,3540497,2.8354962392867966
50,120,40,55,47.5,1.931377132048086,0.9994888741182218,3096337,2.8422328034124615
60,140,42,52,47.0,1.8241919318546926,0.9968690025852827,2074468,2.86517934746045
20,120,30,40,35.0,1.823611149752687,0.9997200977397186,2432831,2.896104911997491
60,140,35,45,40.0,1.8236091942891999,0.9989274396036305,2289806,2.8962090367838136
30,120,5,15,10.0,1.823516197187265,0.9987298316261641,2067671,2.9011609591445575
40,120,15,20,17.5,1.822553945437078,0.9991356821042463,1810089,2.9523990715080854
40,130,30,45,37.5,1.8224739076153416,0.9997746100636042,3540497,2.956660936350284
40,120,10,15,12.5,1.8222628054147842,0.999163058131264,1608899,2.9679017351020045
20,150,30,45,37.5,1.8220796705665088,0.9993433400315668,3540497,2.9776533244670462
20,100,168,178,173.0,1.9349003556720854,0.9898005641005558,738194,3.0298378952122214
40,120,10,20,15.0,1.8206900211202486,0.9993531054221023,3418988,3.051649567611891
20,150,40,55,47.5,1.9355653329164282,0.9965189018110848,3096337,3.065246694165511
40,150,35,55,45.0,1.8203735727450507,0.9964750158333765,4278477,3.0684998538311583
30,150,35,45,40.0,1.8202531607782655,0.999236257788006,2289806,3.074911566652524
20,150,5,15,10.0,1.819750140255074,0.9974360487170179,2067671,3.1016964720407834
40,120,42,52,47.0,1.936739476288152,0.9997333094733755,2074468,3.127767640476684
30,150,30,50,40.0,1.8189516303157702,0.9988333867999735,4563814,3.144215638137895
20,100,60,80,70.0,1.9373832506265773,0.9984400121987403,3075380,3.1620474242054026
30,120,20,30,25.0,1.8171536458093458,0.9980944260409425,2858022,3.2399549622286528
30,100,100,120,110.0,1.9391489447585561,0.995810141174282,2227894,3.2560673460360094
30,120,15,25,20.0,1.8162085578230611,0.9990814058023476,3318785,3.2902791361522246
60,140,35,50,42.5,1.8160855173760597,0.9985031205399385,3313123,3.2968308106464415
50,150,40,60,50.0,1.8160788462933666,0.9923147118434322,3993354,3.297186033367056
20,100,40,50,45.0,1.9399862455679266,0.9998558752313338,2130983,3.3006520536702215
40,100,170,180,175.0,1.9403369015678869,0.9759236733157208,688282,3.319323832155855
50,150,40,50,45.0,1.8154728004832508,0.9966256931767792,2130983,3.3294568432773763
60,140,40,60,50.0,1.8152992518643705,0.9947363061897125,3993354,3.338697983792834
40,150,35,50,42.5,1.8148584702013046,0.9981671899386588,3313123,3.362168785873017
20,150,15,20,17.5,1.8146279089037036,0.9979813044841696,1810089,3.374445745276692
40,130,100,120,110.0,1.8145289401419618,0.9912896818604784,2227894,3.3797156473928727
20,150,100,130,115.0,1.9417091601013048,0.9947160070526758,3224202,3.39239404160303
20,150,25,30,27.5,1.8141790999104537,0.996155322263188,1349326,3.3983439877287656
40,100,5,15,10.0,1.8135624368177297,0.9995449702256253,2067671,3.4311801481507045
20,150,165,175,170.0,1.9427412654174232,0.9952868534277244,813527,3.4473517261673754
50,120,200,250,225.0,1.943327079315861,0.9293155158743962,2952052,3.4785452244867483
30,120,20,25,22.5,1.8124999148465923,0.9979773055362916,1508696,3.4877574629077506
60,140,80,100,90.0,1.8124940668042697,0.9978829132946399,2529450,3.4880688602625227
60,140,40,55,47.5,1.812087379239987,0.9959732135693083,3096337,3.509724215123159
50,120,60,80,70.0,1.8109728627869208,0.9977739829218879,3075380,3.5690701391415907
50,150,38,48,43.0,1.810565552090874,0.9972148043931927,2192532,3.5907586746073368
40,120,165,175,170.0,1.946324453308622,0.98925929074287,813527,3.638149803441003
30,150,168,178,173.0,1.809282302633044,0.9892378007887213,738194,3.6590893166643172
30,100,35,55,45.0,1.9472937486839437,0.999734980475388,4278477,3.6897629757158565
40,150,35,45,40.0,1.8086880726985242,0.9990042875073927,2289806,3.69073095322022
50,150,42,52,47.0,1.808683571443548,0.9948964041787265,2074468,3.690970636658776
30,120,160,190,175.0,1.808677997535577,0.9947509902574402,2160304,3.691267436870234
30,150,10,15,12.5,1.8084977876566344,0.9977875712126649,1608899,3.700863277069516
30,120,42,52,47.0,1.9476219420723706,0.999784898986526,2074468,3.7072386620005706
20,150,150,180,165.0,1.947807961460338,0.9957762314582947,2360502,3.7171438477283383
40,130,10,15,12.5,1.8076904933770146,0.9990082892233421,1608899,3.7438501929172148
40,150,168,178,173.0,1.8073097947732373,0.9845031745727718,738194,3.764121684066167
20,150,15,25,20.0,1.806780238479289,0.9977014985155004,3318785,3.79231956979291
50,120,60,90,75.0,1.80654690261693,0.9969056247761863,4399290,3.8047442695990323
40,100,175,185,180.0,1.8058679885707856,0.9732798681640561,620504,3.840895177274459
30,120,165,175,170.0,1.95082750347297,0.9924278696033575,813527,3.8779288324265275
40,130,60,80,70.0,1.8051359154392268,0.9984331689245651,3075380,3.8798767071764164
40,150,350,400,375.0,1.950887248280144,0.9536251603554722,1283843,3.8811101320630534
20,120,5,10,7.5,1.8044612137117164,0.9961593865766969,458772,3.9158033167350093
30,120,150,180,165.0,1.9517797116288895,0.9948678238744186,2360502,3.9286321421133996
20,120,35,55,45.0,1.9518876966867666,0.9996536699858297,4278477,3.9343821451952485
40,130,15,20,17.5,1.8040798337495898,0.9987533809589352,1810089,3.9361110889462245
50,150,35,45,40.0,1.8039781384134161,0.9985283334830808,2289806,3.9415261760694222
40,100,165,175,170.0,1.952311711640064,0.9830942794051983,813527,3.956960151228116
50,150,45,60,52.5,1.8029786980338678,0.9882178367424155,2885688,3.9947445136385573
40,130,10,20,15.0,1.8028634476801972,0.9990151234503175,3418988,4.000881380181185
50,150,40,55,47.5,1.8028276663822793,0.9941099969734727,3096337,4.002786667610255
40,100,42,52,47.0,1.9532520947735643,0.9997136082282266,2074468,4.007033800509288
30,120,30,40,35.0,1.8026726218706086,0.9998068680507237,2432831,4.011042498902624
20,150,20,30,25.0,1.8024905692423736,0.9968517316196072,2858022,4.020736462067427
40,120,40,55,47.5,1.9539292092642717,0.9995082066760833,3096337,4.043088885211493
30,100,30,40,35.0,1.8019847512310505,0.9996985696128515,2432831,4.047670328485058
60,140,170,180,175.0,1.8019686101251047,0.966588219323723,688282,4.04852981229474
30,150,30,45,37.5,1.8013070072873845,0.9992737490095563,3540497,4.083758930384208
40,120,30,40,35.0,1.8007794242192676,0.9996705754610321,2432831,4.1118517455129
30,150,100,120,110.0,1.8005037526879755,0.9951308380574674,2227894,4.126530740789374
30,120,172,182,177.0,1.8004804414940294,0.989168388063842,651619,4.1277720184222835
50,150,50,60,55.0,1.8004449542521563,0.9839555918954596,1862371,4.129661647914992
50,120,10,20,15.0,1.8004400470340005,0.9992832230172454,3418988,4.129922948136282
40,150,30,50,40.0,1.8002401877866359,0.9984361858852067,4563814,4.140565080583815
40,130,45,55,50.0,1.956407969759297,0.9979014601627699,1988671,4.175078261943408
40,130,45,55,50.0,1.956407969759297,0.9979014601627699,1988671,4.175078261943408
30,100,165,175,170.0,1.956454643987173,0.9890762672958684,813527,4.177563577591756
50,150,120,150,135.0,1.9568842823451293,0.9659733699064112,2673270,4.200441019442462
50,120,45,55,50.0,1.9575248048634921,0.9990281115906766,1988671,4.234547649813218
50,120,45,55,50.0,1.9575248048634921,0.9990281115906766,1988671,4.234547649813218
40,100,30,40,35.0,1.7983966236217332,0.9994210075012369,2432831,4.23873143654242
20,100,175,185,180.0,1.7983403751115676,0.9918778447001843,620504,4.241726564879247
20,150,100,120,110.0,1.7981336520434286,0.9970664984315946,2227894,4.252734182991018
50,120,15,20,17.5,1.7974674540204159,0.9992328424668435,1810089,4.288207986133336
30,150,10,20,15.0,1.797415087546943,0.9979294859805097,3418988,4.290996403251166
40,130,40,60,50.0,1.958766062851495,0.9978008772186187,3993354,4.300642324360758
50,120,350,400,375.0,1.958771500453462,0.9333970107356444,1283843,4.300931866531531
40,120,15,25,20.0,1.7966245223599362,0.9989520930968876,3318785,4.333092526094979
60,140,35,55,45.0,1.796620727757147,0.9969177387003463,4278477,4.333294581621555
40,100,25,30,27.5,1.7964112807891501,0.9970556643788026,1349326,4.344447242324269
50,150,35,50,42.5,1.7958510550548141,0.9974474276978986,3313123,4.374278218593491
50,120,10,15,12.5,1.795246626561761,0.999232042376903,1608899,4.40646290938439
40,130,165,175,170.0,1.9611133730362356,0.9911634862119593,813527,4.425632217051953
20,150,170,180,175.0,1.7944917552154664,0.9895285534483637,688282,4.446658401732346
20,150,30,40,35.0,1.794384908712205,0.9992732596542763,2432831,4.452347778902816
30,100,42,52,47.0,1.9616717429628896,0.9998053583911654,2074468,4.455364375020751
40,120,20,25,22.5,1.7940542965473025,0.9975370844818842,1508696,4.469952260527017
50,120,40,60,50.0,1.9627530367859352,0.9986551933218827,3993354,4.512941255907096
40,100,100,120,110.0,1.9628234481262783,0.993552399930373,2227894,4.516690528555825
30,100,172,182,177.0,1.793150143214565,0.9840421989127431,651619,4.518096740438499
40,120,20,30,25.0,1.7931298454960976,0.9979394633829817,2858022,4.519177556118336
60,140,30,50,40.0,1.7930155023523666,0.9987883866630387,4563814,4.525266115422432
30,100,160,190,175.0,1.7926159533202826,0.9920814396878365,2160304,4.546541356747462
30,150,140,170,155.0,1.9636889493860352,0.9962699178505549,2454368,4.562776857616365
40,120,160,190,175.0,1.7918606782013948,0.991446975000341,2160304,4.586758349233497
30,100,150,180,165.0,1.9644705211779783,0.991945108623186,2360502,4.604394098933886
20,150,20,25,22.5,1.7913825403312873,0.997052057987196,1508696,4.612218299718456
40,130,30,40,35.0,1.7907321589201555,0.9996268718797883,2432831,4.646849897755295
20,150,40,60,50.0,1.9653966185136726,0.9957440102858286,3993354,4.653707056106111
60,140,150,180,165.0,1.9654488804484964,0.9979590690869953,2360502,4.656489906735704
20,150,45,55,50.0,1.9654491828593872,0.9935988965511173,1988671,4.656506009552039
20,150,45,55,50.0,1.9654491828593872,0.9935988965511173,1988671,4.656506009552039
50,150,165,175,170.0,1.9655873764522214,0.9898408969729208,813527,4.663864560821166
50,120,30,40,35.0,1.7897198212510974,0.9997482016014804,2432831,4.700754991954339
40,120,60,90,75.0,1.7897095935096197,0.9978981968756626,4399290,4.701299600126743
20,150,160,190,175.0,1.789113104106342,0.9961919600383241,2160304,4.7330615491830645
20,120,165,175,170.0,1.9670829168003092,0.9948668955593585,813527,4.7434992971410725
50,150,130,160,145.0,1.9680073838207657,0.9803955919321434,2489962,4.792725443065271
60,140,45,60,52.5,1.7877357031195111,0.9915780054988319,2885688,4.8064055846905624
20,100,35,55,45.0,1.968396066458094,0.9997125270262122,4278477,4.81342206912109
40,150,30,45,37.5,1.7874319707596888,0.999011158868375,3540497,4.822578766789726
40,130,160,190,175.0,1.7872740362314137,0.9931754231071741,2160304,4.830988486080203
60,140,170,200,185.0,1.786532977920218,0.9646149161752408,1953528,4.870448460052288
60,140,30,45,37.5,1.7864441033076373,0.9990718091297894,3540497,4.875180867537947
50,150,35,55,45.0,1.786145288083518,0.9954879971328264,4278477,4.8910922213249135
40,130,172,182,177.0,1.7861088150369293,0.9835651875361866,651619,4.893034343081501
20,120,200,250,225.0,1.7846722456814492,0.9679573270147848,2952052,4.969528983948385
40,130,60,90,75.0,1.7843033912870485,0.9982421043510746,4399290,4.989169793021905
40,150,100,120,110.0,1.7822684196728853,0.9934770800479511,2227894,5.09752823893049
50,150,70,90,80.0,1.7817351322089918,0.9972584101462922,2802530,5.125924802503092
30,100,5,10,7.5,1.781591817717482,0.9976660136852958,458772,5.13355603208295
60,140,70,100,85.0,1.781518290740648,0.9982987228910535,4008070,5.137471206568263
40,120,5,15,10.0,1.7809659701903944,0.9994388185038793,2067671,5.166881246517866
20,100,165,175,170.0,1.9752020251317144,0.9932007126840715,813527,5.175826684329846
50,150,45,55,50.0,1.7796449635856788,0.9902550255811008,1988671,5.237222386279079
50,150,45,55,50.0,1.7796449635856788,0.9902550255811008,1988671,5.237222386279079
30,120,140,170,155.0,1.9767827814222274,0.9957195721087937,2454368,5.259999010768239
50,150,160,190,175.0,1.7791112481605746,0.9909567143365399,2160304,5.265641737988566
30,120,300,400,350.0,1.7789563433624163,0.9644217028170079,2974998,5.2738901297967855
30,120,60,90,75.0,1.77842948419235,0.9985810678188652,4399290,5.301944398703401
60,140,50,60,55.0,1.7783663420881477,0.9858067145477487,1862371,5.305306598075197
50,150,30,50,40.0,1.777342407463376,0.9979959406832943,4563814,5.359829208552928
50,150,60,90,75.0,1.777310524427378,0.9979467071588333,4399290,5.361526920799893
30,120,40,55,47.5,1.9797942946274465,0.9994562731030173,3096337,5.420356476434857
40,130,15,25,20.0,1.7760739972504338,0.9984534676894359,3318785,5.427369688475299
60,140,45,55,50.0,1.7757706451247215,0.9927870287731139,1988671,5.443522623816741
60,140,45,55,50.0,1.7757706451247215,0.9927870287731139,1988671,5.443522623816741
30,150,5,15,10.0,1.7757460776044507,0.9978369786726361,2067671,5.444830798485048
20,120,150,180,165.0,1.9807713340511917,0.9961117018136493,2360502,5.472382004855792
40,100,90,120,105.0,1.7751559135044233,0.9977438188021618,3433434,5.476255936931664
40,130,20,25,22.5,1.7749075371764405,0.9970845946131388,1508696,5.489481513501568
30,100,140,170,155.0,1.9815217286345501,0.9932192327727889,2454368,5.512339117920673
40,120,200,250,225.0,1.7742550616504082,0.9365686260732144,2952052,5.524224619254081
20,100,300,350,325.0,1.7739993886874637,0.9145152358678611,1691155,5.537838728037073
20,120,42,52,47.0,1.9827355721132842,0.9994207506977302,2074468,5.576974020941658
60,140,60,80,70.0,1.7732397151553725,0.9966464304361677,3075380,5.578289927828935
20,120,175,185,180.0,1.7731541181282164,0.9937417789865312,620504,5.582847809999119
50,120,70,90,80.0,1.7719095024792508,0.9942900965855803,2802530,5.649121273735307
40,150,60,90,75.0,1.7717910078083694,0.9985719056596328,4399290,5.65543089412303
50,150,30,45,37.5,1.7700602544568051,0.9987780918443457,3540497,5.747590284515162
40,100,40,55,47.5,1.9861198066461805,0.9997727461477773,3096337,5.757178202672023
30,150,30,40,35.0,1.7698622042415688,0.9993038893288996,2432831,5.758136089373327
40,150,10,15,12.5,1.7696870296555163,0.9981157445742892,1608899,5.767463809610416
40,120,25,30,27.5,1.7693361241860581,0.9978747023628171,1349326,5.786148871881883
20,150,140,170,155.0,1.9870826696216157,0.9969349594988883,2454368,5.808448861640886
50,150,170,180,175.0,1.7688082503738352,0.968496537615823,688282,5.814257168592372
40,130,5,15,10.0,1.7681581793796308,0.9992953672469828,2067671,5.84887223750634
40,130,100,130,115.0,1.988059523755148,0.9903040783272212,3224202,5.860464523703304
30,150,60,90,75.0,1.7674670257027527,0.9990016531381594,4399290,5.885674882707518
20,120,60,90,75.0,1.7672400065286213,0.9992392310990469,4399290,5.897763230637835
50,120,15,25,20.0,1.765933860068819,0.9992532380301911,3318785,5.967313095377043
40,120,45,55,50.0,1.9922683013555176,0.9990144403349238,1988671,6.084574087088269
40,120,45,55,50.0,1.9922683013555176,0.9990144403349238,1988671,6.084574087088269
40,150,10,20,15.0,1.7633363265902753,0.9980080962558505,3418988,6.105626912125912
30,150,50,60,55.0,1.9927547414874307,0.9897103332787227,1862371,6.110476117541578
40,130,20,30,25.0,1.7623463983696626,0.9974350185744415,2858022,6.15833874495939
20,150,60,90,75.0,1.7622760083845108,0.999429441679289,4399290,6.162086880483977
40,150,60,80,70.0,1.7619427068400606,0.9973305353928732,3075380,6.179834566556938
40,120,40,60,50.0,1.9945800537221432,0.998871924495867,3993354,6.207670592233403
30,150,15,20,17.5,1.7611627672343817,0.9976432809212201,1810089,6.221364896997774
30,150,160,190,175.0,1.760940715077893,0.9946771908547762,2160304,6.233188760495572
50,150,100,130,115.0,1.7606134284982982,0.9923158726474341,3224202,6.250616160899986
20,150,45,60,52.5,1.9962107394017192,0.9930503826605618,2885688,6.294501565586759
50,120,5,15,10.0,1.7594415043993634,0.999484448046162,2067671,6.313018935071164
60,140,140,170,155.0,1.9969240571438254,0.9972851789517946,2454368,6.3324844059544985
30,100,90,120,105.0,1.7586941172209443,0.9984902532605366,3433434,6.352815909427882
40,130,45,60,52.5,1.9974801683588184,0.9967498331672444,2885688,6.362096291736872
40,150,30,40,35.0,1.7579675580198588,0.9990252530743019,2432831,6.391503832808364
20,100,150,180,165.0,1.9991536250194768,0.9944861987620828,2360502,6.451204740121241
50,120,172,182,177.0,1.9992749625543964,0.9860856202187039,651619,6.457665737720794
50,120,45,60,52.5,1.9994236591153611,0.997821780274362,2885688,6.46558355246865
50,150,200,250,225.0,1.9995320479478815,0.9639063804054797,2952052,6.471355055797745
30,150,25,30,27.5,1.7563850737027005,0.9958323934108148,1349326,6.475768173445124
40,100,160,190,175.0,1.7558058396818943,0.9857624122179421,2160304,6.506611305543429
30,150,200,250,225.0,1.755485063849823,0.9641177308357396,2952052,6.5236920207761955
20,100,42,52,47.0,2.0013872124047003,0.9994334320986312,2074468,6.570139105681598
40,120,175,185,180.0,1.7536532576864128,0.9835434436205929,620504,6.621232285068536
20,120,140,170,155.0,2.0041513445799235,0.9966675044310354,2454368,6.717323992541194
60,140,30,40,35.0,1.7499874980950074,0.9989673247757141,2432831,6.816427151490548
50,150,80,100,90.0,1.7496462146512644,0.9955232136377171,2529450,6.83459985882511
40,100,60,90,75.0,1.7489649618783099,0.9971598734946843,4399290,6.870875299344519
30,150,15,25,20.0,1.7483077390192523,0.9973804321995212,3318785,6.9058711917331
30,150,20,30,25.0,1.7471695174253206,0.9965944530184986,2858022,6.966479370323714
30,100,40,55,47.5,2.0090471733721187,0.9997244254480336,3096337,6.978017751444026
20,100,60,90,75.0,1.7469012517926532,0.9992811406405838,4399290,6.980764015300676
30,100,60,90,75.0,1.7467859487544504,0.9983778400236735,4399290,6.9869036871964605
40,150,170,180,175.0,1.7467486545055813,0.9777800982650782,688282,6.988889536444018
40,130,25,30,27.5,1.746243792280876,0.9978273423767856,1349326,7.015772509005531
40,150,130,160,145.0,2.010024015943686,0.9872100108815725,2489962,7.030032797853359
30,120,5,10,7.5,1.7457026910294877,0.9978291774236364,458772,7.0445851421997965
20,120,40,55,47.5,2.0103975439722754,0.9993192848538398,3096337,7.0499224692372495
20,150,5,10,7.5,1.744472852493521,0.9956759433966386,458772,7.110071752208678
20,150,172,182,177.0,1.7440309771411067,0.9875257168504925,651619,7.133600791208372
50,150,70,100,85.0,1.7439908017130865,0.99775868595204,4008070,7.135740057876112
40,150,15,20,17.5,1.7433760893286532,0.9970485339211949,1810089,7.168472346717078
30,150,20,25,22.5,1.7423866956808947,0.9966058835038337,1508696,7.221155714542345
60,140,120,150,135.0,2.0136756566036356,0.97078724154644,2673270,7.224475857488589
50,120,50,60,55.0,2.0136902181025196,0.9949935089978205,1862371,7.225251230166119
50,150,350,400,375.0,1.7422939747976371,0.9470511963919126,1283843,7.226092928773308
30,150,170,180,175.0,1.7411660287518183,0.9868502992334971,688282,7.286153953577297
30,100,175,185,180.0,1.7409002468146064,0.9866656279940135,620504,7.300306346400079
20,100,140,170,155.0,2.016225987563936,0.995171500000897,2454368,7.360276228111609
50,150,30,40,35.0,1.7385077824373425,0.9989306885490001,2432831,7.4277006156899565
50,150,10,15,12.5,1.738472893094654,0.9981640985118989,1608899,7.4295584081653825
30,120,40,60,50.0,2.018522047327814,0.9991358847059263,3993354,7.482537131406504
40,150,160,190,175.0,1.7354186964442675,0.992399117180202,2160304,7.5921886877386795
40,120,170,200,185.0,1.7352825440273254,0.974897695128032,1953528,7.59943855019566
50,150,10,20,15.0,1.735164006079466,0.9978227381569635,3418988,7.605750475001807
50,120,100,120,110.0,1.734316352634824,0.9929034538793893,2227894,7.650886441170177
20,120,100,130,115.0,2.0218013078768884,0.9967249991683974,3224202,7.657151644136769
50,150,60,80,70.0,1.733866320272891,0.996788060058498,3075380,7.674849825724649
40,150,5,15,10.0,1.733830509618778,0.9985007552029923,2067671,7.676756676316393
50,120,20,25,22.5,1.7332230483732278,0.9990955724596663,1508696,7.7091028555256695
60,140,172,182,177.0,1.7287515799142477,0.962828255580632,651619,7.9472002175586915
40,120,90,120,105.0,1.7283209914042494,0.9975750186477164,3433434,7.970128253234848
30,120,90,120,105.0,1.7272146749238988,0.9984049862804691,3433434,8.029037543988345
50,120,20,30,25.0,1.7265287668619076,0.9992751608929334,2858022,8.065560869972966
30,120,45,55,50.0,2.029827282766304,0.9989297694607109,1988671,8.084519849110986
30,120,45,55,50.0,2.029827282766304,0.9989297694607109,1988671,8.084519849110986
30,120,175,185,180.0,1.7251871333688287,0.9910977267253732,620504,8.137000353097509
40,120,100,130,115.0,2.031342586495278,0.9915367054219476,3224202,8.165206948630363
60,140,80,110,95.0,1.7241443169919202,0.9984561480081626,3700647,8.192528381686886
40,150,70,90,80.0,1.7236451547706568,0.9966419480650431,2802530,8.21910783968813
40,100,45,55,50.0,2.0348359332826083,0.9993978486223638,1988671,8.351221154558486
40,100,45,55,50.0,2.0348359332826083,0.9993978486223638,1988671,8.351221154558486
40,150,15,25,20.0,1.7208866232088753,0.9971729103584199,3318785,8.365994504319733
40,130,50,60,55.0,2.035132610118644,0.9937050114713215,1862371,8.367018643165288
40,150,20,30,25.0,1.7193945824913643,0.9965581173216864,2858022,8.445442891833629
20,100,40,55,47.5,2.03731142457746,0.9995726605102926,3096337,8.483036452473925
40,150,20,25,22.5,1.718424877345358,0.9963258800196023,1508696,8.49707788363375
20,100,90,120,105.0,1.7172475183600227,0.9987111635674558,3433434,8.55977005537685
50,120,70,100,85.0,1.7169620890089663,0.9957712778682736,4008070,8.574968636370267
30,120,100,130,115.0,2.0392314361955166,0.9943577458876549,3224202,8.585273492839017
30,150,130,160,145.0,2.039324704627676,0.9917334215323244,2489962,8.590239863028543
30,150,300,400,350.0,1.7161097512980779,0.9743587865927741,2974998,8.620354030986265
40,120,45,60,52.5,2.040227521295,0.9982023321519303,2885688,8.638313167997868
20,150,130,160,145.0,2.0406233289414746,0.9948218585649532,2489962,8.659389187511964
40,100,5,10,7.5,1.7149946487669139,0.9990257404361675,458772,8.67973116257114
50,150,80,110,95.0,1.7147204370098352,0.9978770669542574,3700647,8.694332427591304
60,140,165,175,170.0,2.0413130353667013,0.9877236999552963,813527,8.696114769259927
50,120,170,180,175.0,2.0427297996980407,0.9856648886941632,688282,8.77155482950164
20,100,200,250,225.0,1.7118954584164137,0.95248563459385,2952052,8.844757272821418
50,150,15,20,17.5,1.7112924946564534,0.9970345558818724,1810089,8.876863969304926
50,120,25,30,27.5,1.71116398569258,0.998871487756958,1349326,8.883706832130986
30,150,90,120,105.0,1.7104540862220883,0.9984504811114926,3433434,8.921507655905838
20,100,300,400,350.0,2.045820512054837,0.9821902812000691,2974998,8.936129502387502
40,100,40,60,50.0,2.0461051174021265,0.9995833825501033,3993354,8.951284206716009
60,140,130,160,145.0,2.0467445948260914,0.9831355350756457,2489962,8.985335187757801
40,150,110,140,125.0,2.04827933877559,0.9703619720530838,2947819,9.067057442789688
40,150,90,120,105.0,1.7076209630867298,0.997815753008407,3433434,9.072366182815232
50,150,5,15,10.0,1.707552762971841,0.9984888600398714,2067671,9.075997711829547
40,130,90,120,105.0,1.7065751476170665,0.9971572903773293,3433434,9.12805390750444
20,120,40,60,50.0,2.0500313477702514,0.9991578991758835,3993354,9.160348656562915
20,120,90,120,105.0,1.7052951071827889,0.9989351410029362,3433434,9.19621367503786
40,130,70,90,80.0,1.7031361038964297,0.9952772931285485,2802530,9.311176576334944
40,130,175,185,180.0,1.698642257970612,0.9824798398700078,620504,9.55046549677252
20,150,90,120,105.0,1.698176260232363,0.9989966895473815,3433434,9.575279007861395
50,120,168,178,173.0,2.0583784419677547,0.9886728280417237,738194,9.604815866227625
50,120,165,175,170.0,2.058922979940672,0.9914440555839298,813527,9.63381149843835
30,100,40,60,50.0,2.0591736608740243,0.9997335336527527,3993354,9.647159790949118
60,140,10,15,12.5,1.6967913428587618,0.99876941408363,1608899,9.649023276956237
40,100,300,400,350.0,1.6956056916153035,0.9610895368032079,2974998,9.712156995990224
40,130,350,400,375.0,2.0610871335483467,0.9475149448735164,1283843,9.749048644746903
40,130,170,200,185.0,1.6945228251643323,0.9775034569645781,1953528,9.769817616382728
60,140,15,20,17.5,1.6942959943699234,0.997929109874158,1810089,9.781895933443902
50,150,100,120,110.0,1.6942784696377329,0.9951301993717169,2227894,9.782829092772472
30,150,5,10,7.5,1.693642125242654,0.9973556633825282,458772,9.816713245865069
50,120,80,100,90.0,1.6934344893041824,0.9936502068801631,2529450,9.82776947262074
20,100,100,130,115.0,2.063541352149487,0.9965304417329179,3224202,9.879731211367801
40,150,25,30,27.5,1.6913193743713675,0.9965390592348858,1349326,9.940395400885645
40,120,70,90,80.0,1.690861377332142,0.9944456486626508,2802530,9.964782889662299
60,140,10,20,15.0,1.6899603900684024,0.9985791968135258,3418988,10.012758782300187
40,150,80,100,90.0,1.689227402211811,0.9936129813513462,2529450,10.051789019605373
40,150,120,150,135.0,2.0675401193463383,0.9759800866708912,2673270,10.092658112158595
20,150,175,185,180.0,1.6870728893012652,0.9903230888710881,620504,10.166512816759036
30,150,70,90,80.0,1.6865764832140526,0.9964785243492966,2802530,10.192945515758641
30,100,45,55,50.0,2.0695732342500737,0.9993634929206019,1988671,10.20091769169722
30,100,45,55,50.0,2.0695732342500737,0.9993634929206019,1988671,10.20091769169722
60,140,100,130,115.0,1.686373164886501,0.9956184608119857,3224202,10.203771837779493
40,120,5,10,7.5,1.6863476346981172,0.9991444243316988,458772,10.205131272730709
50,150,15,25,20.0,1.6863248076180335,0.9974457985355959,3318785,10.206346772202684
30,120,45,60,52.5,2.071222507133598,0.9986266602511837,2885688,10.28873839902013
30,120,170,200,185.0,1.6810460281265494,0.9857722280001447,1953528,10.487431942143267
40,150,80,110,95.0,1.680777366972734,0.9974633265063747,3700647,10.501737647884237
20,150,50,60,55.0,2.075943176736602,0.9907961003149282,1862371,10.540105257540043
40,150,70,100,85.0,1.679955176824501,0.9965774848744692,4008070,10.545517740974388
20,120,45,55,50.0,2.0769899568770964,0.9986115672725181,1988671,10.59584434915317
20,120,45,55,50.0,2.0769899568770964,0.9986115672725181,1988671,10.59584434915317
50,120,80,110,95.0,1.677719202557225,0.998716260386134,3700647,10.664579203555641
30,150,172,182,177.0,1.6772944649294514,0.9848624735325736,651619,10.687195690657532
50,150,172,182,177.0,1.6760098372637993,0.962706137511295,651619,10.755599719712494
50,120,90,120,105.0,1.6737317677989898,0.997550510947299,3433434,10.87690267311023
60,140,5,15,10.0,1.6736616395358577,0.9989974822904,2067671,10.88063687242504
60,140,15,25,20.0,1.6721767628863602,0.9977107063149102,3318785,10.959703786668781
40,130,5,10,7.5,1.6715899310196363,0.9991541446909302,458772,10.990951489902217
20,100,40,60,50.0,2.0845179167486654,0.9996759996674612,3993354,10.996694182570048
50,150,90,120,105.0,1.6694592441429426,0.9976129685730502,3433434,11.104406595157473
50,150,170,200,185.0,1.667621154382739,0.9728129454400559,1953528,11.202281449268416
20,120,300,350,325.0,1.6670844724240292,0.923332883765432,1691155,11.23085876336372
40,150,172,182,177.0,1.6634009251644326,0.9773513626276756,651619,11.42700078996631
40,120,50,60,55.0,2.092835143596802,0.9964022756904042,1862371,11.43957101154431
20,150,70,90,80.0,1.6627172430589419,0.997080152668165,2802530,11.463405587915764
20,100,130,160,145.0,2.093752127310482,0.9985824246755932,2489962,11.488398685329186
50,120,5,10,7.5,1.6616328946953998,0.9994405611568872,458772,11.52114511739085
20,120,170,200,185.0,1.6612082524010323,0.9912149353491813,1953528,11.543756528166538
50,150,20,25,22.5,1.6572681487778347,0.9977040571502093,1508696,11.753559702990692
60,140,20,30,25.0,1.6547742773049787,0.9983098901176964,2858022,11.886353711129988
50,150,20,30,25.0,1.6547090397226458,0.9978430467294457,2858022,11.889827490806928
40,100,170,200,185.0,1.6546462741585866,0.9635346258327131,1953528,11.893169640117856
60,140,25,30,27.5,1.6530820454489255,0.9983737571906436,1349326,11.976461903678086
30,150,120,150,135.0,2.103682720756449,0.9847274771681483,2673270,12.017184278831145
40,100,45,60,52.5,2.1056948011737537,0.9992987210269094,2885688,12.124323811169003
30,120,70,90,80.0,1.6481078851866238,0.9950940367678325,2802530,12.241326667378921
50,150,90,110,100.0,1.6470185032500129,0.9963360138913091,2376737,12.299334225238926
40,130,70,100,85.0,1.6459760285605882,0.9958755422088903,4008070,12.354844059606586
60,140,20,25,22.5,1.6457459864314574,0.9970073352434862,1508696,12.367093374256788
30,150,70,100,85.0,1.643835798719893,0.9964340476120646,4008070,12.468807309909844
20,150,120,150,135.0,2.112695466588896,0.9906447308387736,2673270,12.497096197491803
20,100,45,55,50.0,2.115150896789603,0.9990591185856291,1988671,12.627843279531575
20,100,45,55,50.0,2.115150896789603,0.9990591185856291,1988671,12.627843279531575
30,120,200,250,225.0,1.6407868314459504,0.9449025898265292,2952052,12.631159134933414
20,120,45,60,52.5,2.115415929221048,0.9985877309446258,2885688,12.641955762569133
20,150,300,350,325.0,1.639097508551655,0.9448203702539378,1691155,12.72111243068929
40,120,80,110,95.0,1.6385772535662064,0.9980896369599881,3700647,12.748815039073136
40,150,5,10,7.5,1.6384182177837476,0.9985114447914263,458772,12.7572833980965
40,130,80,110,95.0,1.636666382267031,0.9984073317864827,3700647,12.850565374492481
50,150,25,30,27.5,1.6357377418412875,0.9974244393252115,1349326,12.900013746470309
40,120,70,100,85.0,1.6350607945052678,0.995152640904775,4008070,12.93605993049692
30,100,45,60,52.5,2.123025258737792,0.9995434851917938,2885688,13.047138377944192
40,130,80,100,90.0,1.6328405652025209,0.9932514582177255,2529450,13.054283003060652
30,100,100,130,115.0,2.1237332264481976,0.9949000973489628,3224202,13.084836339094661
60,140,350,400,375.0,1.6322225038512532,0.9130141172799615,1283843,13.087193618144125
20,120,130,160,145.0,2.1269515410089017,0.9982843977669813,2489962,13.25620559152832
60,140,175,185,180.0,1.6286796220451993,0.9586201956084697,620504,13.275845471501627
20,120,70,90,80.0,1.627167505672999,0.9965269136350682,2802530,13.356362850213038
60,140,5,10,7.5,1.6263192357625809,0.9990594935210673,458772,13.401531642035092
30,150,175,185,180.0,1.6258836332709337,0.9880167347847484,620504,13.424726662889578
40,150,90,110,100.0,1.6252407125025015,0.9974689749462146,2376737,13.458960995606947
40,150,170,200,185.0,1.625191526994057,0.9799742953157734,1953528,13.461580032265335
20,150,70,100,85.0,1.6222141665568603,0.9971072189615068,4008070,13.620118926684746
40,100,90,110,100.0,1.6214733158047814,0.9983685687623988,2376737,13.659567848520688
40,120,80,100,90.0,1.6201636217344304,0.9919550896167654,2529450,13.729306616909984
20,150,170,200,185.0,1.6199096018728265,0.9926229527061828,1953528,13.742832701127444
30,150,170,200,185.0,1.619205763761166,0.9885344687584284,1953528,13.780310768840993
30,100,170,200,185.0,1.6190193342677215,0.9832899012259405,1953528,13.79023779192111
30,120,50,60,55.0,2.1372383109867483,0.9972317961849805,1862371,13.803956921552102
20,100,170,200,185.0,1.6167314938134605,0.9908718987215279,1953528,13.912061032297093
40,130,130,160,145.0,2.1396554879809786,0.995238460798383,2489962,13.932667091638908
60,140,90,120,105.0,1.6161537004017272,0.9982926294475019,3433434,13.942827454647109
50,150,5,10,7.5,1.6157254534159877,0.9987770172509242,458772,13.965630808520352
30,150,110,140,125.0,2.1414305931903903,0.9799528337892999,2947819,14.027188135803536
50,120,90,110,100.0,1.6143113029741774,0.997901284714217,2376737,14.040931684016112
30,100,130,160,145.0,2.1417500212648353,0.9985960766366929,2489962,14.044197085454494
40,130,300,400,350.0,1.6122378995194309,0.9676549482277357,2974998,14.151336553810918
40,100,80,110,95.0,1.6097740234267166,0.9970773790538382,3700647,14.282533363859601
30,150,80,110,95.0,1.60934755284736,0.9954306039966763,3700647,14.305242127403616
50,150,175,185,180.0,1.6050508708691247,0.968991925425144,620504,14.534032435083876
40,100,70,90,80.0,1.6049666796052084,0.9947976767170255,2802530,14.538515462981442
40,100,100,130,115.0,2.1512162570150855,0.9921833036407384,3224202,14.54825649707591
60,140,90,110,100.0,1.6020866684713677,0.9966347260005718,2376737,14.69187068842557
40,150,175,185,180.0,1.601707647703314,0.979129737583059,620504,14.71205283794919
30,150,80,100,90.0,1.6011326498849994,0.9914966556129711,2529450,14.742670400159774
30,120,70,100,85.0,1.5973156539395168,0.9957844596707546,4008070,14.945918320579505
40,120,90,110,100.0,1.597176130818005,0.9987175186824838,2376737,14.95334766677289
20,100,45,60,52.5,2.1605476612584873,0.999403174054378,2885688,15.045136382241076
40,100,130,160,145.0,2.1643423122275838,0.997572734673552,2489962,15.247194474312241
60,140,100,120,110.0,1.591302610490498,0.9973593083665178,2227894,15.266101677822258
20,150,350,400,375.0,2.1676773581749527,0.9520472203112947,1283843,15.424779455535292
40,130,90,110,100.0,1.5859517865710049,0.9986442869054929,2376737,15.55102307928621
60,140,200,300,250.0,1.5845568468616267,0.9673908043686998,5763787,15.625301019082707
30,120,130,160,145.0,2.1734414285195887,0.9982576445139697,2489962,15.731705458977038
30,150,90,110,100.0,1.5819926629244492,0.997162789654509,2376737,15.761839034906854
20,120,70,100,85.0,1.5818897200324782,0.9970952482902082,4008070,15.767320552051208
40,120,300,400,350.0,1.5774777302325071,0.9601776995982932,2974998,16.002250786341467
30,100,70,90,80.0,1.5742741923411794,0.9963674556064037,2802530,16.17283320866989
40,150,300,400,350.0,1.5741827655081684,0.975922020510802,2974998,16.17770151713693
20,150,80,110,95.0,1.571249556924266,0.9953664913177535,3700647,16.333889407653565
20,100,70,90,80.0,1.5709480976140586,0.9978755540452692,2802530,16.34994155409698
20,150,80,100,90.0,1.5664114820397828,0.9927588491772913,2529450,16.591507878605814
20,150,110,140,125.0,2.1898476628822108,0.9876209126951586,2947819,16.605306862737535
40,120,350,400,375.0,2.196201702535651,0.9549934661100129,1283843,16.94364763235628
30,120,80,110,95.0,1.5575651075246735,0.9957520455567639,3700647,17.06256083468192
40,100,70,100,85.0,1.5571448152721121,0.9955201438125116,4008070,17.08494061383854
40,100,50,60,55.0,2.1990331322346734,0.9987124626840308,1862371,17.094415986936827
40,120,130,160,145.0,2.19908274009485,0.99737639264875,2489962,17.097057513037818
20,120,50,60,55.0,2.200961095601535,0.9971570861343882,1862371,17.19707644310624
20,150,90,110,100.0,1.5522252155048688,0.9970803036241308,2376737,17.34690013286108
30,120,90,110,100.0,1.5497530248885616,0.997989295897021,2376737,17.47853967579544
30,100,90,110,100.0,1.547693818388377,0.9968508464628569,2376737,17.58818858421847
30,100,50,60,55.0,2.2223469944826704,0.9991961261042199,1862371,18.335835701952636
20,100,70,100,85.0,1.532469443303432,0.9981772297700412,4008070,18.398858184055797
30,100,70,100,85.0,1.530819889620603,0.9969276757360531,4008070,18.486693843418372
30,120,80,100,90.0,1.526660695113099,0.9911693495307684,2529450,18.70816319951549
40,100,200,250,225.0,1.5245024986507192,0.8872986137934794,2952052,18.823083138939335
50,120,130,160,145.0,2.232518779714775,0.9959692923476995,2489962,18.877464308560988
20,120,80,110,95.0,1.521857686673619,0.9961202683322993,3700647,18.963914447624113
40,100,80,100,90.0,1.5209959282009722,0.9919599332351695,2529450,19.00980148024642
20,100,120,150,135.0,2.235207865130759,0.9971873213506384,2673270,19.020653095354582
20,120,90,110,100.0,1.5197787599968522,0.9978770305978983,2376737,19.07461341869796
30,100,80,110,95.0,1.5132919425620084,0.9948890484360958,3700647,19.42002435772053
20,100,90,110,100.0,1.5097439196408151,0.9969814041311101,2376737,19.608949965877784
20,120,120,150,135.0,2.2481156925187937,0.9975386403542418,2673270,19.707970847646106
50,150,300,400,350.0,1.5071611046432984,0.969063406727323,2974998,19.74648005094257
20,120,80,100,90.0,1.5016897832537832,0.9936016948047182,2529450,20.037817718115907
50,120,110,140,125.0,2.259057966819031,0.991326525451567,2947819,20.29062656118376
30,150,350,400,375.0,2.2663586482187714,0.9470773733871695,1283843,20.6793742395512
40,130,120,150,135.0,2.266779393693575,0.9910859409725018,2673270,20.70177815194757
40,130,110,140,125.0,2.2681270741072126,0.9864020358461622,2947819,20.773539622322296
20,100,80,110,95.0,1.480954220104085,0.9960904542063566,3700647,21.14194781128407
20,100,50,60,55.0,2.2766083973025872,0.9989165934044129,1862371,21.225154275963117
50,120,300,400,350.0,1.4610214286566119,0.9432894992994532,2974998,22.203331807422153
60,140,200,250,225.0,2.2965343139607164,0.987309030610486,2952052,22.28617220238107
20,150,200,300,250.0,1.456824256392595,0.9681018647205695,5763787,22.42682340827502
30,150,300,350,325.0,1.4498839572287952,0.9490933247934032,1691155,22.796381404217506
30,120,120,150,135.0,2.31258001490393,0.9975499220692129,2673270,23.140575873478717
20,100,200,300,250.0,1.4407125606048237,0.9314379850661075,5763787,23.28474118185177
30,100,80,100,90.0,1.439371297834749,0.9932370995826235,2529450,23.356160924667247
30,100,120,150,135.0,2.318529403892473,0.9974227548526108,2673270,23.457369749332972
30,100,300,350,325.0,1.43632501684506,0.9019417405769764,1691155,23.518369710060693
20,100,80,100,90.0,1.434692614934245,0.9958948350807793,2529450,23.605292069529018
30,100,200,250,225.0,1.4279663249863928,0.922958450834726,2952052,23.963454473568007
20,120,350,400,375.0,2.3340357643747702,0.9472736726122808,1283843,24.28305454604741
60,140,300,400,350.0,1.4208289310075188,0.9385018113924433,2974998,24.34350740109058
20,120,200,300,250.0,1.4195447038858897,0.9522145446186921,5763787,24.4118901019228
50,120,120,150,135.0,2.348086032964183,0.9957639434621747,2673270,25.031205163162035
40,120,110,140,125.0,2.3495411848784733,0.9917279227584637,2947819,25.108689290653537
20,120,110,140,125.0,2.350598640556974,0.9972069134673063,2947819,25.16499683476965
30,120,300,350,325.0,1.395981737336172,0.9238206038368143,1691155,25.666574156753345
50,150,200,300,250.0,1.3871629257577456,0.9398911126192653,5763787,26.13615943781972
30,120,110,140,125.0,2.3703202344997436,0.9951285378240327,2947819,26.215134957387846
40,120,120,150,135.0,2.3714339478965534,0.9976335745872413,2673270,26.274438120157267
20,100,110,140,125.0,2.384239315710058,0.9977316088393542,2947819,26.95630009105741
20,100,250,350,300.0,1.3674935394973118,0.9037225513702647,4502890,27.18351759865219
40,150,300,350,325.0,1.351348978879544,0.9370812942605307,1691155,28.043185363176566
40,130,300,350,325.0,1.3445615426134503,0.9091659139841254,1691155,28.404603694704456
40,100,120,150,135.0,2.4156627398053976,0.9991117993625884,2673270,28.629538860777302
50,150,300,350,325.0,1.3333346749415511,0.9113860409154937,1691155,29.002413474890776
30,100,110,140,125.0,2.4400852035838527,0.9965425576358675,2947819,29.929989541206226
40,150,200,300,250.0,1.3140079533699836,0.9488593984155222,5763787,30.031525379660085
20,150,250,350,300.0,1.3115881092771855,0.9455415383472163,4502890,30.160377567774997
30,150,200,300,250.0,1.3071001206363198,0.9649400976937772,5763787,30.399354598705013
60,140,300,350,325.0,1.2958047375250976,0.8182734498411647,1691155,31.000812698344106
40,100,110,140,125.0,2.4623931930965637,0.9940833887767188,2947819,31.117848407697757
20,100,350,400,375.0,2.4723329645733374,0.9401235335384168,1283843,31.647122714235227
20,120,250,350,300.0,1.2823098340550425,0.915715727944491,4502890,31.71939115787846
40,100,350,400,375.0,2.504674755930801,0.9724202164401189,1283843,33.369262829116145
40,130,200,300,250.0,1.2095130636752558,0.9353829626304353,5763787,35.59568351036976
30,120,350,400,375.0,2.5506040785454456,0.9554596438856393,1283843,35.814913660566866
40,120,300,350,325.0,1.20288341829649,0.9097706493642868,1691155,35.948699771219914
20,100,250,300,275.0,1.1957452123755734,0.8731300676128291,2811735,36.328795933143056
60,140,250,350,300.0,1.179782135242486,0.8694178824824975,4502890,37.178800040336206
30,120,200,300,250.0,1.1705207195596719,0.9594045708547172,5763787,37.67195316508669
20,150,250,300,275.0,1.1684962583979277,0.9314622833853968,2811735,37.77975194899213
30,150,250,350,300.0,1.1599224863068107,0.9485432672532543,4502890,38.23628933403563
50,120,200,300,250.0,1.151606836392999,0.902932245361702,5763787,38.679082194196
40,100,300,350,325.0,1.148253376171162,0.8754852680389774,1691155,38.85764770121608
40,120,200,300,250.0,1.1196365865158735,0.9340590100810401,5763787,40.38143841768511
20,120,250,300,275.0,1.1186288732256306,0.8917814757963798,2811735,40.43509727233064
60,140,250,300,275.0,1.115641132430146,0.8648021865677811,2811735,40.59418890148317
50,120,300,350,325.0,1.1140215646128009,0.8593478416355363,1691155,40.68042786939292
50,150,250,350,300.0,1.1048524585001076,0.8946239275932669,4502890,41.16866568157041
40,150,250,350,300.0,1.0878833808308719,0.9307086514540938,4502890,42.072237442445584
30,100,200,300,250.0,1.0694198346373172,0.9393210979881513,5763787,43.05538686702251
30,100,250,350,300.0,1.0590568793109,0.9007811111272733,4502890,43.607194924872196
30,120,250,350,300.0,1.0441871693046856,0.9247455256305402,4502890,44.39897927025103
30,150,250,300,275.0,1.028498422878468,0.9265918707956027,2811735,45.23437577856933
40,130,250,350,300.0,1.013322098003214,0.9062444061407702,4502890,46.04248679429105
50,150,250,300,275.0,0.9924782458570852,0.8510932313426139,2811735,47.15238307470259
40,150,250,300,275.0,0.9624030005981481,0.8949324306069388,2811735,48.75383383396442
40,100,200,300,250.0,0.9218937475577269,0.9042327222759825,5763787,50.91087606188888
30,100,350,400,375.0,2.849134412877171,0.970441282658958,1283843,51.71109759729345
30,100,250,300,275.0,0.894686691859348,0.8469442963754958,2811735,52.35960107245218
30,120,250,300,275.0,0.8883370394702419,0.8911358121102608,2811735,52.697708228421625
40,120,250,350,300.0,0.8814064999975666,0.9203702701866375,4502890,53.06674653900071
40,130,250,300,275.0,0.8515880156084726,0.8657922639222642,2811735,54.654525260464716
40,100,250,350,300.0,0.8041586502039678,0.9087299636213968,4502890,57.18005057486858
50,120,250,350,300.0,0.7814548960873802,0.8575345361334025,4502890,58.38898316893609
40,120,250,300,275.0,0.7241645943166551,0.8642381829186916,2811735,61.43958496716425
40,100,250,300,275.0,0.6342956594941003,0.7957425214255008,2811735,66.22493825910009
50,120,250,300,275.0,0.6240934672977538,0.7648092901423613,2811735,66.7681859798853
